{
  "Profiles": [
    {
      "Ambiguous Double Width": false,
      "Ansi 0 Color": {
        "Blue Component": 0,
        "Green Component": 0,
        "Red Component": 0
      },
      "Ansi 1 Color": {
        "Blue Component": 0,
        "Green Component": 0,
        "Red Component": 0.7333333492279053
      },
      "Ansi 2 Color": {
        "Blue Component": 0,
        "Green Component": 0.7333333492279053,
        "Red Component": 0
      },
      "Ansi 3 Color": {
        "Blue Component": 0,
        "Green Component": 0.7333333492279053,
        "Red Component": 0.7333333492279053
      },
      "Ansi 4 Color": {
        "Blue Component": 0.7333333492279053,
        "Green Component": 0,
        "Red Component": 0
      },
      "Ansi 5 Color": {
        "Blue Component": 0.7333333492279053,
        "Green Component": 0,
        "Red Component": 0.7333333492279053
      },
      "Ansi 6 Color": {
        "Blue Component": 0.7333333492279053,
        "Green Component": 0.7333333492279053,
        "Red Component": 0
      },
      "Ansi 7 Color": {
        "Blue Component": 0.7333333492279053,
        "Green Component": 0.7333333492279053,
        "Red Component": 0.7333333492279053
      },
      "Ansi 8 Color": {
        "Blue Component": 0.3333333432674408,
        "Green Component": 0.3333333432674408,
        "Red Component": 0.3333333432674408
      },
      "Ansi 9 Color": {
        "Blue Component": 0.3333333432674408,
        "Green Component": 0.3333333432674408,
        "Red Component": 1
      },
      "Ansi 10 Color": {
        "Blue Component": 0.3333333432674408,
        "Green Component": 1,
        "Red Component": 0.3333333432674408
      },
      "Ansi 11 Color": {
        "Blue Component": 0.3333333432674408,
        "Green Component": 1,
        "Red Component": 1
      },
      "Ansi 12 Color": {
        "Blue Component": 1,
        "Green Component": 0.3333333432674408,
        "Red Component": 0.3333333432674408
      },
      "Ansi 13 Color": {
        "Blue Component": 1,
        "Green Component": 0.3333333432674408,
        "Red Component": 1
      },
      "Ansi 14 Color": {
        "Blue Component": 1,
        "Green Component": 1,
        "Red Component": 0.3333333432674408
      },
      "Ansi 15 Color": {
        "Blue Component": 1,
        "Green Component": 1,
        "Red Component": 1
      },
      "ASCII Anti Aliased": true,
      "Background Color": {
        "Blue Component": 0,
        "Green Component": 0,
        "Red Component": 0
      },
      "Background Image Location": "",
      "Blinking Cursor": false,
      "Blur": false,
      "BM Growl": true,
      "Bold Color": {
        "Blue Component": 1,
        "Green Component": 1,
        "Red Component": 1
      },
      "Character Encoding": 4,
      "Close Sessions On End": true,
      "Columns": 80,
      "Command": "",
      "Cursor Color": {
        "Blue Component": 0.7333333492279053,
        "Green Component": 0.7333333492279053,
        "Red Component": 0.7333333492279053
      },
      "Cursor Text Color": {
        "Blue Component": 1,
        "Green Component": 1,
        "Red Component": 1
      },
      "Custom Command": "No",
      "Custom Directory": "No",
      "Default Bookmark": "No",
      "Description": "Default",
      "Disable Window Resizing": true,
      "Flashing Bell": false,
      "Foreground Color": {
        "Blue Component": 0.7333333492279053,
        "Green Component": 0.7333333492279053,
        "Red Component": 0.7333333492279053
      },
      "Guid": "FF8F46C7-4827-4EB5-84CB-2BC1E2169B8D",
      "Horizontal Spacing": 1,
      "Idle Code": 0,
      "Jobs to Ignore": ["rlogin", "ssh", "slogin", "telnet"],
      "Keyboard Map": {
        "0x2d-0x40000": {
          "Action": 11,
          "Text": "0x1f"
        },
        "0x32-0x40000": {
          "Action": 11,
          "Text": "0x00"
        },
        "0x33-0x40000": {
          "Action": 11,
          "Text": "0x1b"
        },
        "0x34-0x40000": {
          "Action": 11,
          "Text": "0x1c"
        },
        "0x35-0x40000": {
          "Action": 11,
          "Text": "0x1d"
        },
        "0x36-0x40000": {
          "Action": 11,
          "Text": "0x1e"
        },
        "0x37-0x40000": {
          "Action": 11,
          "Text": "0x1f"
        },
        "0x38-0x40000": {
          "Action": 11,
          "Text": "0x7f"
        },
        "0xf70a-0x20000": {
          "Action": 10,
          "Text": "[18;2~"
        },
        "0xf70b-0x20000": {
          "Action": 10,
          "Text": "[19;2~"
        },
        "0xf70c-0x20000": {
          "Action": 10,
          "Text": "[20;2~"
        },
        "0xf70d-0x20000": {
          "Action": 10,
          "Text": "[21;2~"
        },
        "0xf70e-0x20000": {
          "Action": 10,
          "Text": "[23;2~"
        },
        "0xf70f-0x20000": {
          "Action": 10,
          "Text": "[24;2~"
        },
        "0xf72b-0x20000": {
          "Action": 10,
          "Text": "[1;2F"
        },
        "0xf72b-0x40000": {
          "Action": 10,
          "Text": "[1;5F"
        },
        "0xf700-0x220000": {
          "Action": 10,
          "Text": "[1;2A"
        },
        "0xf700-0x240000": {
          "Action": 10,
          "Text": "[1;5A"
        },
        "0xf700-0x260000": {
          "Action": 10,
          "Text": "[1;6A"
        },
        "0xf700-0x280000": {
          "Action": 11,
          "Text": "0x1b 0x1b 0x5b 0x41"
        },
        "0xf701-0x220000": {
          "Action": 10,
          "Text": "[1;2B"
        },
        "0xf701-0x240000": {
          "Action": 10,
          "Text": "[1;5B"
        },
        "0xf701-0x260000": {
          "Action": 10,
          "Text": "[1;6B"
        },
        "0xf701-0x280000": {
          "Action": 11,
          "Text": "0x1b 0x1b 0x5b 0x42"
        },
        "0xf702-0x220000": {
          "Action": 10,
          "Text": "[1;2D"
        },
        "0xf702-0x240000": {
          "Action": 10,
          "Text": "[1;5D"
        },
        "0xf702-0x260000": {
          "Action": 10,
          "Text": "[1;6D"
        },
        "0xf702-0x280000": {
          "Action": 11,
          "Text": "0x1b 0x1b 0x5b 0x44"
        },
        "0xf703-0x220000": {
          "Action": 10,
          "Text": "[1;2C"
        },
        "0xf703-0x240000": {
          "Action": 10,
          "Text": "[1;5C"
        },
        "0xf703-0x260000": {
          "Action": 10,
          "Text": "[1;6C"
        },
        "0xf703-0x280000": {
          "Action": 11,
          "Text": "0x1b 0x1b 0x5b 0x43"
        },
        "0xf704-0x20000": {
          "Action": 10,
          "Text": "[1;2P"
        },
        "0xf705-0x20000": {
          "Action": 10,
          "Text": "[1;2Q"
        },
        "0xf706-0x20000": {
          "Action": 10,
          "Text": "[1;2R"
        },
        "0xf707-0x20000": {
          "Action": 10,
          "Text": "[1;2S"
        },
        "0xf708-0x20000": {
          "Action": 10,
          "Text": "[15;2~"
        },
        "0xf709-0x20000": {
          "Action": 10,
          "Text": "[17;2~"
        },
        "0xf729-0x20000": {
          "Action": 10,
          "Text": "[1;2H"
        },
        "0xf729-0x40000": {
          "Action": 10,
          "Text": "[1;5H"
        }
      },
      "Mouse Reporting": true,
      "Name": "Default",
      "Non Ascii Font": "Monaco 12",
      "Non-ASCII Anti Aliased": true,
      "Normal Font": "FiraMonoForPowerline-Regular 13",
      "Option Key Sends": 0,
      "Prompt Before Closing 2": false,
      "Right Option Key Sends": 0,
      "Rows": 25,
      "Screen": -1,
      "Scrollback Lines": 1000,
      "Selected Text Color": {
        "Blue Component": 0,
        "Green Component": 0,
        "Red Component": 0
      },
      "Selection Color": {
        "Blue Component": 1,
        "Green Component": 0.8353000283241272,